pair,total_count,len_3_count,len_4_count,len_5_count,len_6_count,len_7_count,len_8_count,len_9_count,len_10_plus_count
"(a,a)",1903,15,55,105,245,312,278,231,662
"(a,b)",37,7,5,6,9,5,3,1,1
"(a,c)",1624,6,4,21,65,122,145,229,1032
"(a,d)",1248,8,23,65,122,200,232,187,411
"(a,e)",4087,16,52,167,331,495,640,656,1730
"(a,f)",39,4,3,3,6,5,7,6,5
"(a,g)",748,5,6,16,37,59,102,131,392
"(a,h)",316,5,8,28,59,51,38,43,84
"(a,i)",293,4,22,44,57,48,31,33,54
"(a,j)",1,1,0,0,0,0,0,0,0
"(a,k)",132,7,5,22,20,19,22,22,15
"(a,l)",1360,7,20,59,111,139,135,153,736
"(a,m)",899,7,13,28,55,72,107,107,510
"(a,n)",1996,7,31,95,165,219,252,246,981
"(a,o)",302,9,20,29,62,52,52,40,38
"(a,p)",147,6,9,14,11,14,14,20,59
"(a,q)",2,1,0,1,0,0,0,0,0
"(a,r)",1178,7,30,92,88,154,168,168,471
"(a,s)",5266,12,64,175,344,570,722,951,2428
"(a,t)",1465,14,27,100,161,173,185,192,613
"(a,u)",69,6,13,13,19,6,8,2,2
"(a,v)",11,2,1,2,2,0,0,1,3
"(a,w)",33,1,8,8,4,5,3,4,0
"(a,x)",81,4,8,10,6,16,8,8,21
"(a,y)",2139,8,36,68,102,136,195,254,1340
"(a,z)",16,1,1,3,3,3,2,2,1
"(b,a)",787,4,33,72,113,148,116,86,215
"(b,b)",46,4,11,5,9,6,8,2,1
"(b,c)",397,3,3,10,24,40,49,43,225
"(b,d)",1716,8,29,60,189,264,372,323,471
"(b,e)",2669,5,46,145,315,404,473,437,844
"(b,f)",64,4,8,5,8,12,10,10,7
"(b,g)",1085,6,15,14,52,173,180,193,452
"(b,h)",445,4,17,49,54,85,87,62,87
"(b,i)",224,2,19,41,53,45,30,9,25
"(b,j)",2,0,1,0,1,0,0,0,0
"(b,k)",331,1,29,32,34,72,67,59,37
"(b,l)",757,8,23,40,103,115,136,106,226
"(b,m)",476,4,10,20,46,68,79,72,177
"(b,n)",1153,5,26,69,182,184,225,175,287
"(b,o)",252,4,25,55,49,49,31,18,21
"(b,p)",175,4,5,10,27,27,33,17,52
"(b,q)",0,0,0,0,0,0,0,0,0
"(b,r)",1269,5,19,41,184,240,241,186,353
"(b,s)",4007,12,56,211,359,627,743,809,1190
"(b,t)",1100,8,46,85,145,183,230,169,234
"(b,u)",66,1,7,18,15,13,9,3,0
"(b,v)",4,0,1,2,0,0,1,0,0
"(b,w)",80,2,7,7,24,14,14,4,8
"(b,x)",38,1,0,5,8,10,6,4,4
"(b,y)",1225,4,16,139,174,174,166,131,421
"(b,z)",23,2,4,6,5,0,2,3,1
"(c,a)",1730,2,30,101,213,259,281,217,627
"(c,b)",62,3,11,17,9,7,7,6,2
"(c,c)",964,3,9,17,51,53,107,117,607
"(c,d)",2207,7,21,54,162,331,389,419,824
"(c,e)",5192,7,49,145,373,590,734,871,2423
"(c,f)",74,4,16,10,4,9,8,4,19
"(c,g)",1435,6,8,17,43,137,227,219,778
"(c,h)",445,1,11,31,60,65,63,64,150
"(c,i)",319,6,8,36,51,59,52,42,65
"(c,j)",2,1,1,0,0,0,0,0,0
"(c,k)",281,2,17,49,20,47,50,50,46
"(c,l)",1458,7,23,61,128,169,184,159,727
"(c,m)",950,9,17,22,47,77,109,186,483
"(c,n)",2304,6,27,61,193,271,304,322,1120
"(c,o)",449,7,13,53,87,80,102,49,58
"(c,p)",274,6,24,24,15,24,19,26,136
"(c,q)",1,0,0,0,1,0,0,0,0
"(c,r)",1970,7,13,59,194,316,332,312,737
"(c,s)",7148,8,44,222,515,759,1229,1149,3222
"(c,t)",1705,7,34,84,128,222,257,291,682
"(c,u)",65,2,3,7,13,22,9,6,3
"(c,v)",13,2,4,0,0,2,3,1,1
"(c,w)",71,5,10,4,10,10,14,3,15
"(c,x)",117,1,7,10,16,18,17,6,42
"(c,y)",2833,4,26,110,198,198,259,287,1751
"(c,z)",18,1,1,3,2,6,1,2,2
"(d,a)",640,5,23,63,65,77,91,103,213
"(d,b)",46,6,12,6,11,5,3,3,0
"(d,c)",504,3,5,9,20,50,79,86,252
"(d,d)",1555,5,17,32,130,205,283,258,625
"(d,e)",3191,6,49,75,240,302,415,519,1585
"(d,f)",45,2,11,3,0,7,8,7,7
"(d,g)",1185,6,12,10,35,117,154,190,661
"(d,h)",255,2,7,19,38,52,54,31,52
"(d,i)",147,2,18,25,27,17,26,12,20
"(d,j)",0,0,0,0,0,0,0,0,0
"(d,k)",150,1,23,11,21,37,29,13,15
"(d,l)",759,6,20,40,65,84,107,98,339
"(d,m)",434,6,10,14,34,40,76,65,189
"(d,n)",1498,6,21,39,139,115,150,168,860
"(d,o)",126,4,16,24,26,18,15,5,18
"(d,p)",117,6,9,4,14,17,19,8,40
"(d,q)",0,0,0,0,0,0,0,0,0
"(d,r)",1169,7,16,47,153,186,206,174,380
"(d,s)",3882,6,54,181,230,495,577,701,1638
"(d,t)",1169,8,30,69,119,155,181,175,432
"(d,u)",18,2,4,1,2,2,3,3,1
"(d,v)",4,2,1,1,0,0,0,0,0
"(d,w)",37,3,6,3,4,8,6,6,1
"(d,x)",46,3,2,8,9,7,3,6,8
"(d,y)",1732,3,24,117,125,134,147,190,992
"(d,z)",2,1,1,0,0,0,0,0,0
"(e,a)",688,5,27,21,69,98,108,103,257
"(e,b)",16,3,0,4,9,0,0,0,0
"(e,c)",827,3,7,10,29,66,105,121,486
"(e,d)",927,5,12,24,73,133,186,184,310
"(e,e)",2390,7,30,67,197,341,404,404,940
"(e,f)",21,5,1,0,6,5,1,1,2
"(e,g)",682,4,1,11,26,39,86,148,367
"(e,h)",174,2,11,8,23,27,33,28,42
"(e,i)",73,2,5,8,15,10,7,9,17
"(e,j)",0,0,0,0,0,0,0,0,0
"(e,k)",56,2,2,3,20,16,6,4,3
"(e,l)",854,5,16,19,49,83,82,105,495
"(e,m)",481,4,7,8,28,51,62,75,246
"(e,n)",1002,5,16,33,50,106,136,160,496
"(e,o)",87,3,7,6,16,14,15,13,13
"(e,p)",86,4,2,5,15,20,8,8,24
"(e,q)",1,1,0,0,0,0,0,0,0
"(e,r)",704,6,11,38,52,80,125,125,267
"(e,s)",2927,8,38,65,172,286,470,524,1364
"(e,t)",842,5,12,48,78,106,100,110,383
"(e,u)",15,4,4,1,2,1,1,0,2
"(e,v)",5,1,1,1,0,0,1,0,1
"(e,w)",30,0,2,8,7,2,11,0,0
"(e,x)",32,0,5,3,2,1,2,5,14
"(e,y)",1253,1,17,30,47,72,87,128,871
"(e,z)",3,0,0,0,2,0,0,1,0
"(f,a)",336,2,10,34,48,71,54,35,82
"(f,b)",22,5,8,2,1,2,3,1,0
"(f,c)",170,2,5,5,19,22,25,14,78
"(f,d)",1022,7,18,49,136,152,201,160,299
"(f,e)",1781,4,41,86,170,248,351,333,548
"(f,f)",48,0,5,3,2,6,9,9,14
"(f,g)",715,4,7,4,30,128,136,109,297
"(f,h)",228,3,6,26,30,33,51,43,36
"(f,i)",70,2,8,14,10,13,10,5,8
"(f,j)",0,0,0,0,0,0,0,0,0
"(f,k)",172,0,16,20,5,26,54,35,16
"(f,l)",435,3,18,23,63,62,101,57,108
"(f,m)",284,4,11,12,25,25,53,47,107
"(f,n)",707,6,15,20,73,117,124,84,268
"(f,o)",114,3,11,16,24,20,22,8,10
"(f,p)",95,3,5,8,4,13,21,10,31
"(f,q)",2,1,1,0,0,0,0,0,0
"(f,r)",893,5,7,48,136,191,138,119,249
"(f,s)",2745,4,38,161,224,312,497,549,960
"(f,t)",809,7,30,48,69,130,182,155,188
"(f,u)",18,3,3,4,2,1,4,0,1
"(f,v)",3,0,2,1,0,0,0,0,0
"(f,w)",52,2,4,1,9,16,16,2,2
"(f,x)",29,3,6,5,4,5,1,3,2
"(f,y)",1106,6,15,90,129,147,173,156,390
"(f,z)",16,2,6,4,0,2,1,0,1
"(g,a)",607,2,20,60,73,94,103,63,192
"(g,b)",20,5,11,0,3,0,1,0,0
"(g,c)",362,1,2,8,25,33,50,36,207
"(g,d)",753,9,24,32,108,155,132,131,162
"(g,e)",1587,7,41,105,155,215,241,313,510
"(g,f)",40,2,10,15,1,0,3,4,5
"(g,g)",504,3,15,3,23,122,121,79,138
"(g,h)",242,1,6,20,54,40,44,29,48
"(g,i)",115,2,10,18,26,20,22,7,10
"(g,j)",2,1,1,0,0,0,0,0,0
"(g,k)",115,0,11,12,5,24,20,24,19
"(g,l)",487,5,20,24,70,68,79,44,177
"(g,m)",307,6,13,15,16,26,50,56,125
"(g,n)",706,6,23,32,114,124,125,91,191
"(g,o)",166,4,11,31,41,30,29,13,7
"(g,p)",115,4,13,14,8,14,12,13,37
"(g,q)",0,0,0,0,0,0,0,0,0
"(g,r)",686,6,15,28,129,146,105,76,181
"(g,s)",2463,9,52,153,213,349,423,398,866
"(g,t)",612,7,29,57,75,74,117,114,139
"(g,u)",27,3,4,2,7,4,4,3,0
"(g,v)",7,2,2,2,0,0,1,0,0
"(g,w)",24,1,6,1,6,3,4,1,2
"(g,x)",26,2,1,3,0,4,5,4,7
"(g,y)",951,5,14,100,114,107,110,119,382
"(g,z)",14,3,4,2,0,2,1,2,0
"(h,a)",802,2,18,47,45,56,71,83,480
"(h,b)",30,4,4,3,10,1,2,5,1
"(h,c)",899,2,3,4,19,28,62,100,681
"(h,d)",927,8,17,36,127,126,169,143,301
"(h,e)",1856,6,49,61,131,154,243,330,882
"(h,f)",56,2,9,2,5,5,2,17,14
"(h,g)",522,3,6,2,30,120,80,70,211
"(h,h)",297,3,10,24,27,42,50,55,86
"(h,i)",133,4,12,19,23,23,16,12,24
"(h,j)",4,1,2,0,0,1,0,0,0
"(h,k)",157,2,20,5,4,35,49,24,18
"(h,l)",688,4,18,18,50,50,78,66,404
"(h,m)",499,5,9,12,20,30,51,68,304
"(h,n)",972,5,16,27,90,108,131,124,471
"(h,o)",99,3,12,22,21,13,13,8,7
"(h,p)",111,6,13,1,9,16,24,11,31
"(h,q)",0,0,0,0,0,0,0,0,0
"(h,r)",722,3,13,27,129,92,78,89,291
"(h,s)",2919,5,39,138,146,336,382,471,1402
"(h,t)",660,7,29,31,51,92,128,114,208
"(h,u)",27,1,5,8,5,5,3,0,0
"(h,v)",2,1,1,0,0,0,0,0,0
"(h,w)",35,3,1,0,6,8,10,1,6
"(h,x)",41,2,1,3,5,5,5,2,18
"(h,y)",1252,6,10,77,60,88,124,163,724
"(h,z)",13,0,3,4,4,1,0,0,1
"(i,a)",294,8,19,26,34,45,28,40,94
"(i,b)",7,0,1,2,2,1,0,1,0
"(i,c)",411,1,1,10,19,20,31,60,269
"(i,d)",931,3,11,13,46,94,154,129,481
"(i,e)",2535,8,14,36,127,173,233,365,1579
"(i,f)",22,3,1,1,5,3,0,2,7
"(i,g)",682,1,0,7,15,18,52,123,466
"(i,h)",113,3,4,4,16,19,21,14,32
"(i,i)",55,3,5,13,9,8,1,2,14
"(i,j)",1,0,0,0,1,0,0,0,0
"(i,k)",48,3,1,1,16,5,5,10,7
"(i,l)",811,3,10,17,26,45,53,62,595
"(i,m)",310,3,4,13,21,25,38,27,179
"(i,n)",952,5,12,28,42,51,70,92,652
"(i,o)",86,8,9,12,11,12,11,7,16
"(i,p)",58,2,1,1,12,8,3,6,25
"(i,q)",1,0,1,0,0,0,0,0,0
"(i,r)",617,1,6,19,26,60,110,83,312
"(i,s)",2474,9,21,36,93,200,255,344,1516
"(i,t)",829,2,8,32,74,82,103,119,409
"(i,u)",18,2,3,2,4,3,0,3,1
"(i,v)",7,1,1,4,0,1,0,0,0
"(i,w)",18,0,0,7,3,2,2,4,0
"(i,x)",37,0,2,4,6,1,4,5,15
"(i,y)",1860,2,14,13,17,41,78,148,1547
"(i,z)",2,1,1,0,0,0,0,0,0
"(j,a)",142,0,13,23,30,28,19,13,16
"(j,b)",18,3,3,6,3,1,0,2,0
"(j,c)",33,0,1,1,1,6,7,8,9
"(j,d)",219,4,1,15,46,48,40,31,34
"(j,e)",374,2,23,20,72,50,68,59,80
"(j,f)",11,1,2,0,0,2,1,5,0
"(j,g)",162,5,5,1,13,43,32,22,41
"(j,h)",67,1,3,3,19,14,8,10,9
"(j,i)",41,1,7,7,9,10,1,3,3
"(j,j)",0,0,0,0,0,0,0,0,0
"(j,k)",38,1,11,0,2,10,6,4,4
"(j,l)",100,1,10,14,16,15,10,7,27
"(j,m)",75,3,3,4,7,13,13,16,16
"(j,n)",209,5,13,11,36,41,28,34,41
"(j,o)",44,0,7,13,7,8,6,2,1
"(j,p)",32,1,8,5,5,1,3,2,7
"(j,q)",0,0,0,0,0,0,0,0,0
"(j,r)",189,3,4,12,59,42,21,24,24
"(j,s)",626,3,23,70,69,138,92,103,128
"(j,t)",149,6,7,11,27,28,27,20,23
"(j,u)",23,1,5,2,4,6,3,0,2
"(j,v)",2,1,0,0,0,0,1,0,0
"(j,w)",12,3,1,0,1,3,0,3,1
"(j,x)",10,0,3,2,0,2,3,0,0
"(j,y)",250,2,12,38,28,41,37,29,63
"(j,z)",5,0,3,2,0,0,0,0,0
"(k,a)",353,5,22,59,90,55,44,22,56
"(k,b)",22,3,5,5,6,3,0,0,0
"(k,c)",115,1,0,4,5,15,9,19,62
"(k,d)",193,3,8,6,38,38,45,17,38
"(k,e)",473,5,18,32,64,72,94,75,113
"(k,f)",27,4,5,3,3,1,5,4,2
"(k,g)",159,1,6,10,20,41,30,23,28
"(k,h)",155,1,9,20,33,33,31,14,14
"(k,i)",189,5,21,37,46,32,28,10,10
"(k,j)",4,1,0,1,1,1,0,0,0
"(k,k)",102,0,10,22,15,17,16,8,14
"(k,l)",133,4,13,23,33,15,18,9,18
"(k,m)",76,2,4,7,6,7,19,13,18
"(k,n)",327,5,15,29,67,77,47,38,49
"(k,o)",71,0,18,18,11,8,14,1,1
"(k,p)",45,3,11,3,6,8,5,1,8
"(k,q)",0,0,0,0,0,0,0,0,0
"(k,r)",251,3,12,22,61,53,29,23,48
"(k,s)",799,3,30,108,116,145,145,114,138
"(k,t)",160,3,20,20,22,24,27,21,23
"(k,u)",55,4,11,11,13,4,11,0,1
"(k,v)",5,0,1,0,1,0,0,0,3
"(k,w)",15,1,3,1,5,3,2,0,0
"(k,x)",10,1,1,2,1,2,0,0,3
"(k,y)",180,2,4,25,35,19,26,20,49
"(k,z)",18,0,1,5,5,3,1,3,0
"(l,a)",578,3,30,67,71,107,61,66,173
"(l,b)",13,6,4,1,1,1,0,0,0
"(l,c)",293,5,1,11,23,22,31,38,162
"(l,d)",737,7,18,43,113,115,153,118,170
"(l,e)",1445,5,52,66,137,173,298,268,446
"(l,f)",42,3,7,1,3,2,7,9,10
"(l,g)",436,6,7,4,38,97,64,67,153
"(l,h)",170,1,14,34,24,23,27,21,26
"(l,i)",101,3,12,16,19,14,15,5,17
"(l,j)",0,0,0,0,0,0,0,0,0
"(l,k)",120,2,21,1,4,26,38,16,12
"(l,l)",336,1,5,20,37,61,43,27,142
"(l,m)",293,7,5,6,28,33,59,51,104
"(l,n)",811,4,24,53,112,128,136,80,274
"(l,o)",107,5,15,18,17,16,18,9,9
"(l,p)",75,5,11,2,8,4,14,3,28
"(l,q)",2,2,0,0,0,0,0,0,0
"(l,r)",596,7,11,42,146,114,79,63,134
"(l,s)",2399,5,47,165,199,335,378,437,833
"(l,t)",489,6,22,25,59,86,117,64,110
"(l,u)",21,2,6,6,5,1,1,0,0
"(l,v)",7,3,1,1,0,0,0,1,1
"(l,w)",17,4,1,0,3,7,2,0,0
"(l,x)",32,5,2,4,5,1,3,4,8
"(l,y)",854,3,14,92,82,106,99,114,344
"(l,z)",6,2,1,1,0,1,0,0,1
"(m,a)",1184,6,35,83,131,181,156,181,411
"(m,b)",29,4,0,0,8,7,6,1,3
"(m,c)",937,3,5,23,26,52,91,97,640
"(m,d)",1413,10,23,40,118,164,226,233,599
"(m,e)",3049,3,48,93,208,275,466,563,1393
"(m,f)",50,2,3,4,3,5,5,8,20
"(m,g)",841,12,10,4,36,92,81,107,499
"(m,h)",360,2,13,36,43,53,63,66,84
"(m,i)",234,1,17,33,48,49,30,20,36
"(m,j)",2,0,1,0,0,1,0,0,0
"(m,k)",172,0,21,11,19,42,31,31,17
"(m,l)",955,5,19,36,81,76,119,94,525
"(m,m)",724,6,10,14,41,39,86,154,374
"(m,n)",1450,6,15,26,133,190,186,198,696
"(m,o)",257,4,38,38,30,56,47,23,21
"(m,p)",126,2,5,2,16,15,18,19,49
"(m,q)",1,1,0,0,0,0,0,0,0
"(m,r)",1078,6,9,57,143,161,129,145,428
"(m,s)",4120,9,49,181,253,510,594,694,1830
"(m,t)",1023,7,35,33,93,103,207,157,388
"(m,u)",60,4,6,13,14,8,6,5,4
"(m,v)",7,1,2,1,2,0,1,0,0
"(m,w)",50,3,3,5,11,16,5,5,2
"(m,x)",58,5,4,5,7,6,12,4,15
"(m,y)",1593,2,15,110,101,139,181,217,828
"(m,z)",9,1,1,1,2,0,2,2,0
"(n,a)",354,3,20,37,45,43,33,60,113
"(n,b)",16,5,3,4,0,2,1,1,0
"(n,c)",702,0,3,6,17,23,36,62,555
"(n,d)",735,4,7,15,61,55,71,109,413
"(n,e)",2155,3,33,42,88,110,162,204,1513
"(n,f)",21,2,4,0,0,4,1,3,7
"(n,g)",696,5,5,2,14,42,35,53,540
"(n,h)",128,2,7,15,12,21,19,21,31
"(n,i)",85,1,14,14,18,18,8,6,6
"(n,j)",1,0,0,0,1,0,0,0,0
"(n,k)",69,2,9,3,7,17,14,10,7
"(n,l)",944,3,12,33,29,35,62,71,699
"(n,m)",294,4,6,8,17,20,45,39,155
"(n,n)",1027,3,7,14,48,41,81,66,767
"(n,o)",75,3,9,15,15,17,7,7,2
"(n,p)",42,3,5,2,1,5,3,6,17
"(n,q)",1,0,0,0,0,0,1,0,0
"(n,r)",507,2,7,22,65,56,47,83,225
"(n,s)",2354,3,29,91,91,169,202,253,1516
"(n,t)",758,5,16,16,37,38,75,96,475
"(n,u)",26,1,4,8,5,4,3,1,0
"(n,v)",2,2,0,0,0,0,0,0,0
"(n,w)",10,3,1,2,3,0,0,1,0
"(n,x)",28,2,3,2,2,2,4,4,9
"(n,y)",2407,2,6,52,46,74,88,91,2048
"(n,z)",4,0,0,3,0,1,0,0,0
"(o,a)",448,9,16,30,53,50,45,49,196
"(o,b)",16,2,0,0,3,3,4,3,1
"(o,c)",454,3,3,14,21,33,49,50,281
"(o,d)",1282,6,10,16,57,109,186,240,658
"(o,e)",1834,10,17,40,108,220,309,296,834
"(o,f)",34,5,2,0,0,3,8,8,8
"(o,g)",1020,1,2,5,20,30,47,104,811
"(o,h)",216,2,8,5,14,26,45,49,67
"(o,i)",64,6,5,9,15,9,5,4,11
"(o,j)",1,1,0,0,0,0,0,0,0
"(o,k)",122,4,1,4,9,33,47,20,4
"(o,l)",513,4,8,15,27,63,82,57,257
"(o,m)",298,3,7,10,23,41,57,40,117
"(o,n)",830,1,13,30,60,82,105,125,414
"(o,o)",70,4,13,7,15,17,7,3,4
"(o,p)",96,2,0,4,7,24,27,16,16
"(o,q)",0,0,0,0,0,0,0,0,0
"(o,r)",529,3,14,28,26,48,99,106,205
"(o,s)",2553,10,44,64,121,202,353,462,1297
"(o,t)",771,9,9,26,59,102,142,118,306
"(o,u)",6,0,2,1,1,0,1,1,0
"(o,v)",3,2,0,1,0,0,0,0,0
"(o,w)",62,0,0,2,6,20,19,8,7
"(o,x)",34,0,5,1,3,7,5,4,9
"(o,y)",1400,3,21,21,57,72,102,129,995
"(o,z)",5,1,1,1,0,2,0,0,0
"(p,a)",1790,7,36,85,141,209,183,258,871
"(p,b)",20,3,2,3,1,6,2,1,2
"(p,c)",2086,3,6,7,48,73,133,207,1609
"(p,d)",2275,6,17,42,164,252,343,354,1097
"(p,e)",5265,6,40,117,267,455,640,829,2911
"(p,f)",72,4,8,5,3,4,5,17,26
"(p,g)",1486,6,12,7,53,129,143,177,959
"(p,h)",464,4,14,21,43,50,63,72,197
"(p,i)",280,6,15,33,36,56,41,33,60
"(p,j)",0,0,0,0,0,0,0,0,0
"(p,k)",221,2,22,16,12,55,53,42,19
"(p,l)",2372,6,21,39,110,132,200,246,1618
"(p,m)",1328,5,10,18,41,67,157,180,850
"(p,n)",2599,7,21,41,149,222,254,286,1619
"(p,o)",322,2,23,48,51,69,62,30,37
"(p,p)",209,7,15,6,7,19,23,14,118
"(p,q)",2,1,0,0,0,1,0,0,0
"(p,r)",1780,9,15,37,174,222,245,288,790
"(p,s)",6575,9,62,210,327,640,915,1036,3376
"(p,t)",1934,14,38,48,102,182,241,271,1038
"(p,u)",60,4,10,15,6,9,10,2,4
"(p,v)",9,1,5,1,1,1,0,0,0
"(p,w)",57,4,4,7,9,13,5,8,7
"(p,x)",123,6,6,9,20,17,11,15,39
"(p,y)",3504,6,26,129,155,213,256,370,2349
"(p,z)",8,1,3,0,2,2,0,0,0
"(q,a)",71,1,1,9,16,8,16,6,14
"(q,b)",2,0,2,0,0,0,0,0,0
"(q,c)",45,0,0,0,2,5,8,5,25
"(q,d)",115,3,4,1,6,27,10,22,42
"(q,e)",287,1,2,10,20,25,33,47,149
"(q,f)",9,1,0,2,0,0,0,0,6
"(q,g)",72,0,2,0,3,7,32,8,20
"(q,h)",43,0,1,4,10,2,11,7,8
"(q,i)",19,1,4,3,2,1,4,1,3
"(q,j)",0,0,0,0,0,0,0,0,0
"(q,k)",13,0,0,8,0,0,0,3,2
"(q,l)",122,0,1,7,4,16,10,10,74
"(q,m)",53,0,4,1,3,7,6,13,19
"(q,n)",127,0,2,4,2,19,21,17,62
"(q,o)",32,2,0,2,5,6,6,7,4
"(q,p)",12,0,2,0,0,0,2,2,6
"(q,q)",0,0,0,0,0,0,0,0,0
"(q,r)",109,1,2,2,10,23,17,13,41
"(q,s)",372,2,4,14,34,43,70,63,142
"(q,t)",102,1,4,14,4,12,15,22,30
"(q,u)",3,0,0,2,1,0,0,0,0
"(q,v)",1,1,0,0,0,0,0,0,0
"(q,w)",3,0,1,0,1,0,0,0,1
"(q,x)",4,0,0,0,0,0,2,0,2
"(q,y)",160,1,2,2,21,18,25,9,82
"(q,z)",4,0,1,0,2,0,0,0,1
"(r,a)",362,5,23,31,60,66,46,35,96
"(r,b)",37,7,4,9,11,4,1,1,0
"(r,c)",200,3,0,10,10,24,21,16,116
"(r,d)",1794,10,23,43,167,205,368,297,681
"(r,e)",2738,8,47,79,269,323,412,443,1157
"(r,f)",75,1,9,0,11,8,8,12,26
"(r,g)",1538,5,4,12,49,113,163,312,880
"(r,h)",251,2,9,18,26,60,58,32,46
"(r,i)",89,3,11,14,13,20,9,8,11
"(r,j)",1,1,0,0,0,0,0,0,0
"(r,k)",187,2,16,6,44,44,40,22,13
"(r,l)",562,1,16,37,84,84,83,70,187
"(r,m)",302,6,7,6,28,21,52,54,128
"(r,n)",1283,5,14,62,103,101,127,134,737
"(r,o)",122,3,7,19,29,27,18,9,10
"(r,p)",115,3,12,10,19,23,5,11,32
"(r,q)",1,1,0,0,0,0,0,0,0
"(r,r)",1038,0,9,43,143,171,231,158,283
"(r,s)",3440,7,47,128,226,530,569,610,1323
"(r,t)",1170,7,26,43,147,161,199,184,403
"(r,u)",22,0,4,6,5,5,2,0,0
"(r,v)",6,2,0,1,2,1,0,0,0
"(r,w)",59,4,0,6,23,6,13,2,5
"(r,x)",41,5,1,13,3,6,5,5,3
"(r,y)",1328,4,14,85,93,127,128,166,711
"(r,z)",9,1,2,0,1,0,1,2,2
"(s,a)",1435,9,39,117,175,192,217,179,507
"(s,b)",79,4,21,16,16,4,12,4,2
"(s,c)",1181,5,7,15,36,80,127,130,781
"(s,d)",3044,10,50,92,233,498,536,526,1099
"(s,e)",5421,7,63,229,397,625,790,944,2366
"(s,f)",208,2,10,32,15,12,15,24,98
"(s,g)",1979,5,37,33,58,221,467,340,818
"(s,h)",796,4,22,64,138,101,149,138,180
"(s,i)",354,8,20,50,77,65,52,34,48
"(s,j)",5,1,1,1,2,0,0,0,0
"(s,k)",476,4,22,84,49,52,100,91,74
"(s,l)",2048,7,22,96,122,168,243,270,1120
"(s,m)",1104,7,31,38,57,97,157,180,537
"(s,n)",2524,6,33,98,203,304,365,356,1159
"(s,o)",306,2,22,47,61,61,48,34,31
"(s,p)",369,8,31,61,26,33,37,35,138
"(s,q)",5,3,2,0,0,0,0,0,0
"(s,r)",2634,8,27,93,268,555,451,367,865
"(s,s)",8129,5,50,299,657,825,1294,1387,3612
"(s,t)",2195,8,60,146,153,232,367,403,826
"(s,u)",63,6,7,15,15,12,3,4,1
"(s,v)",13,2,7,3,0,1,0,0,0
"(s,w)",100,3,19,15,12,15,18,9,9
"(s,x)",112,4,3,10,21,13,22,12,27
"(s,y)",4121,10,19,152,392,361,440,403,2344
"(s,z)",40,2,5,7,9,10,6,1,0
"(t,a)",996,7,34,96,121,144,145,122,327
"(t,b)",25,4,6,2,4,3,0,3,3
"(t,c)",695,2,4,15,29,49,77,85,434
"(t,d)",1215,5,20,47,132,188,221,199,403
"(t,e)",2911,7,53,117,243,320,437,459,1275
"(t,f)",71,2,7,4,4,7,10,8,29
"(t,g)",775,7,16,12,47,114,135,125,319
"(t,h)",357,3,12,26,46,55,61,52,102
"(t,i)",236,8,18,39,51,36,34,21,29
"(t,j)",1,1,0,0,0,0,0,0,0
"(t,k)",201,3,21,33,14,32,37,28,33
"(t,l)",1000,4,14,41,104,130,113,115,479
"(t,m)",559,6,12,13,26,69,93,96,244
"(t,n)",1434,7,25,48,164,197,208,169,616
"(t,o)",244,5,25,36,54,45,37,21,21
"(t,p)",141,8,16,13,17,13,17,16,41
"(t,q)",1,0,0,1,0,0,0,0,0
"(t,r)",1214,8,20,65,181,188,176,153,423
"(t,s)",3932,7,51,199,311,506,635,708,1515
"(t,t)",979,11,32,60,135,140,136,149,316
"(t,u)",73,3,17,12,5,19,11,2,4
"(t,v)",5,2,1,2,0,0,0,0,0
"(t,w)",35,3,5,4,4,3,5,4,7
"(t,x)",50,4,1,2,10,10,8,5,10
"(t,y)",1636,6,21,89,139,176,181,194,830
"(t,z)",14,1,0,5,4,1,0,2,1
"(u,a)",168,7,14,19,20,19,28,17,44
"(u,b)",32,2,0,3,12,5,4,3,3
"(u,c)",467,2,3,6,11,23,42,62,318
"(u,d)",5487,1,2,31,104,274,882,1015,3178
"(u,e)",3562,6,8,34,159,209,222,327,2597
"(u,f)",37,1,0,0,11,6,1,4,14
"(u,g)",1989,1,1,12,29,31,123,366,1426
"(u,h)",213,2,3,2,24,41,38,32,71
"(u,i)",38,6,5,9,6,6,2,2,2
"(u,j)",0,0,0,0,0,0,0,0,0
"(u,k)",131,0,0,9,48,39,3,20,12
"(u,l)",1010,2,7,13,69,76,76,134,633
"(u,m)",201,1,4,9,22,22,27,32,84
"(u,n)",695,2,5,31,62,70,116,84,325
"(u,o)",38,4,11,5,6,7,3,0,2
"(u,p)",104,2,0,12,33,14,8,14,21
"(u,q)",1,0,0,1,0,0,0,0,0
"(u,r)",542,0,4,21,28,51,116,88,234
"(u,s)",3192,7,14,24,83,182,177,248,2457
"(u,t)",1027,4,3,36,108,133,124,142,477
"(u,u)",19,5,2,6,2,2,2,0,0
"(u,v)",1,0,1,0,0,0,0,0,0
"(u,w)",70,1,0,8,20,10,18,9,4
"(u,x)",28,0,2,10,1,2,4,4,5
"(u,y)",3699,0,7,27,42,139,212,259,3013
"(u,z)",2,0,1,0,0,1,0,0,0
"(v,a)",279,1,17,42,40,59,50,27,43
"(v,b)",2,0,1,1,0,0,0,0,0
"(v,c)",134,3,0,6,8,17,21,16,63
"(v,d)",312,1,7,15,37,41,55,46,110
"(v,e)",910,3,19,36,72,128,166,180,306
"(v,f)",12,0,0,0,1,1,1,2,7
"(v,g)",206,4,3,1,10,25,22,32,109
"(v,h)",53,0,1,3,3,7,16,13,10
"(v,i)",54,3,9,7,5,17,3,4,6
"(v,j)",0,0,0,0,0,0,0,0,0
"(v,k)",15,0,1,2,1,6,2,2,1
"(v,l)",280,4,11,16,36,32,36,41,104
"(v,m)",186,2,0,7,16,9,33,48,71
"(v,n)",358,3,5,8,31,38,53,50,170
"(v,o)",63,0,4,12,9,11,15,6,6
"(v,p)",33,1,3,0,1,0,1,3,24
"(v,q)",0,0,0,0,0,0,0,0,0
"(v,r)",330,2,4,20,55,42,54,41,112
"(v,s)",1234,3,19,61,102,139,200,232,478
"(v,t)",246,2,9,14,29,34,49,31,78
"(v,u)",11,1,3,2,1,0,1,0,3
"(v,v)",2,1,0,0,0,0,0,1,0
"(v,w)",8,2,2,4,0,0,0,0,0
"(v,x)",23,3,0,4,6,3,3,0,4
"(v,y)",560,0,5,24,50,59,89,67,266
"(v,z)",3,1,0,2,0,0,0,0,0
"(w,a)",115,3,6,20,21,29,12,4,20
"(w,b)",14,3,2,0,1,3,3,1,1
"(w,c)",17,2,1,0,4,3,0,4,3
"(w,d)",598,5,18,33,82,120,129,91,120
"(w,e)",828,4,42,48,110,124,160,161,179
"(w,f)",70,3,12,7,0,7,10,14,17
"(w,g)",461,3,8,6,30,93,122,72,127
"(w,h)",192,1,8,27,23,41,34,22,36
"(w,i)",55,1,7,6,13,17,4,3,4
"(w,j)",0,0,0,0,0,0,0,0,0
"(w,k)",148,2,16,12,5,21,39,36,17
"(w,l)",199,0,12,14,38,41,42,26,26
"(w,m)",129,3,8,5,8,21,24,24,36
"(w,n)",408,6,16,21,62,84,77,60,82
"(w,o)",62,3,4,7,15,14,7,9,3
"(w,p)",114,3,14,13,14,12,18,13,27
"(w,q)",0,0,0,0,0,0,0,0,0
"(w,r)",605,5,10,24,106,117,96,72,175
"(w,s)",1461,6,34,115,113,214,298,266,415
"(w,t)",425,5,28,32,39,81,79,79,82
"(w,u)",18,0,4,2,3,6,2,0,1
"(w,v)",1,0,0,0,1,0,0,0,0
"(w,w)",56,2,2,1,11,15,11,6,8
"(w,x)",8,1,1,0,0,5,1,0,0
"(w,y)",548,5,13,71,93,76,83,71,136
"(w,z)",8,1,2,4,0,0,0,0,1
"(x,a)",77,0,4,4,3,7,9,17,33
"(x,b)",0,0,0,0,0,0,0,0,0
"(x,c)",50,0,0,4,0,7,1,4,34
"(x,d)",23,1,0,1,1,7,1,3,9
"(x,e)",75,0,2,0,5,1,18,15,34
"(x,f)",2,0,1,0,1,0,0,0,0
"(x,g)",2,0,0,0,0,0,1,0,1
"(x,h)",4,0,0,0,0,1,1,2,0
"(x,i)",17,3,3,3,2,0,1,1,4
"(x,j)",0,0,0,0,0,0,0,0,0
"(x,k)",1,0,0,1,0,0,0,0,0
"(x,l)",25,1,1,4,2,5,1,1,10
"(x,m)",22,0,0,1,2,0,3,2,14
"(x,n)",42,0,0,3,2,5,7,3,22
"(x,o)",1,0,1,0,0,0,0,0,0
"(x,p)",1,0,0,0,0,0,1,0,0
"(x,q)",0,0,0,0,0,0,0,0,0
"(x,r)",6,0,0,0,1,0,0,1,4
"(x,s)",102,1,1,5,10,14,8,13,50
"(x,t)",11,1,2,0,0,0,1,3,4
"(x,u)",0,0,0,0,0,0,0,0,0
"(x,v)",4,2,2,0,0,0,0,0,0
"(x,w)",0,0,0,0,0,0,0,0,0
"(x,x)",4,2,0,1,0,0,0,0,1
"(x,y)",28,0,1,0,0,0,6,7,14
"(x,z)",1,1,0,0,0,0,0,0,0
"(y,a)",72,1,13,15,23,7,9,0,4
"(y,b)",6,1,3,0,1,0,1,0,0
"(y,c)",10,0,0,2,1,3,2,1,1
"(y,d)",85,4,8,9,27,10,12,5,10
"(y,e)",118,2,19,11,19,11,22,14,20
"(y,f)",4,0,1,1,0,0,1,1,0
"(y,g)",63,1,2,1,4,30,13,7,5
"(y,h)",39,3,8,8,4,6,6,2,2
"(y,i)",34,1,9,4,6,6,5,1,2
"(y,j)",0,0,0,0,0,0,0,0,0
"(y,k)",48,3,13,7,6,5,6,3,5
"(y,l)",28,0,7,4,7,4,3,1,2
"(y,m)",32,3,5,3,3,5,7,3,3
"(y,n)",109,5,6,19,22,18,18,7,14
"(y,o)",20,2,3,8,3,2,1,1,0
"(y,p)",19,4,7,0,0,1,2,2,3
"(y,q)",0,0,0,0,0,0,0,0,0
"(y,r)",73,3,5,5,32,15,7,2,4
"(y,s)",239,6,18,47,33,37,28,38,32
"(y,t)",56,3,10,6,7,6,12,5,7
"(y,u)",5,1,3,0,1,0,0,0,0
"(y,v)",1,0,0,0,0,0,1,0,0
"(y,w)",8,3,0,0,3,0,1,0,1
"(y,x)",2,2,0,0,0,0,0,0,0
"(y,y)",60,2,3,17,10,7,9,4,8
"(y,z)",1,1,0,0,0,0,0,0,0
"(z,a)",139,2,8,16,21,34,16,12,30
"(z,b)",4,0,1,2,0,0,0,1,0
"(z,c)",94,1,2,3,9,11,14,19,35
"(z,d)",59,3,3,3,16,9,8,8,9
"(z,e)",205,1,4,12,23,34,29,39,63
"(z,f)",3,0,2,0,0,0,0,1,0
"(z,g)",29,2,1,0,5,11,3,1,6
"(z,h)",32,0,1,2,8,8,2,7,4
"(z,i)",32,0,5,7,0,6,4,6,4
"(z,j)",0,0,0,0,0,0,0,0,0
"(z,k)",17,2,2,2,5,1,3,2,0
"(z,l)",67,1,4,5,3,5,6,6,37
"(z,m)",60,0,1,3,6,12,8,7,23
"(z,n)",96,2,4,7,14,19,9,17,24
"(z,o)",39,2,3,6,6,12,7,3,0
"(z,p)",7,3,1,0,0,1,1,0,1
"(z,q)",1,0,0,0,1,0,0,0,0
"(z,r)",55,2,1,4,17,9,8,7,7
"(z,s)",282,0,10,25,23,53,42,52,77
"(z,t)",69,2,2,6,5,10,12,10,22
"(z,u)",5,0,3,0,1,0,1,0,0
"(z,v)",0,0,0,0,0,0,0,0,0
"(z,w)",0,0,0,0,0,0,0,0,0
"(z,x)",2,1,0,0,0,0,1,0,0
"(z,y)",83,0,1,8,4,14,15,11,30
"(z,z)",2,0,1,1,0,0,0,0,0
